<?xml version="1.0" encoding="utf-8"?>
<!--Android Voice additions-->
<root xmlns:android="http://schemas.android.com/apk/res/android">
	<!-- init section is always evaluated once per architecture -->
	<init>
		<log text="Android Voice init"/>
		<setBoolFromProperty result="bAndroidVoiceModuleEnabled" ini="Engine" section="/Script/AndroidRuntimeSettings.AndroidRuntimeSettings" property="bAndroidVoiceEnabled" default="false"/>
	</init>

	<!-- updates applied to AndroidManifest.xml -->
	<androidManifestUpdates>
  
	<if condition="bAndroidVoiceModuleEnabled">
		<true>
			<addPermission android:name="android.permission.RECORD_AUDIO"/>
		</true>
	</if>

	</androidManifestUpdates>
	
</root>
